model,hit@10_mean,hit@10_std,ndcg@10_mean,ndcg@10_std
itemknn,0.940066,0.000000,0.739292,0.000000
bprmf,0.851821,0.000000,0.530556,0.000000
fmc,0.883775,0.000000,0.571525,0.000000
sasrec_small,0.858444,0.000000,0.516180,0.000000
